Date,restaurant_Starbucks,restaurant_Kura Sushi,restaurant_Carrols restaurant group,restaurant_Dine Brands,restaurant_Ark Restaurants,transport_UAL,transport_JBLU,transport_ALK,transport_AAL,transport_DAL,IT_Google,IT_Facebook,IT_Amazon,IT_Slack,IT_Microsoft,IT_Zoom,online entertainment_Sony,online entertainment_Netflix,online entertainment_Blizzard,online entertainment_The stars group Inc,online entertainment_Nintendo,retail_Sears Holdings Corporation,retail_Costco,retail_Walmart,retail_Big 5 Sporting Goods Corporation,retail_Macy,medicine & health_Medtronic plc,medicine & health_Johnson & Johnson,medicine & health_CVS,medicine & health_3M,medicine & health_General Electric Company,travel_Hilton,travel_Disney,travel_Expedia,travel_Universal,travel_Booking
2019-11-26,84.559998,24.719998999999998,8.04,80.269997,19.98,92.760002,19.32,69.440002,29.049999,57.459998999999996,1313.0,198.970001,1626.599976,20.200001,152.029999,75.160004,63.150002,312.48999,54.169998,23.870001000000002,48.740002000000004,0.21,301.23999,119.190002,2.78,15.37,111.33000200000001,137.169998,74.940002,169.229996,0.96,105.32,151.639999,99.300003,196.5,1887.459961
2019-11-27,85.769997,25.09,7.87,82.08000200000001,20.059998999999998,93.050003,19.26,69.16999799999999,28.950001,57.07,1312.130005,202.0,1653.199951,20.450001,152.320007,74.08000200000001,63.720001,315.929993,54.48,24.24,48.799999,0.21,300.76001,118.760002,2.69,15.48,112.470001,137.75,75.040001,170.610001,0.99,106.370003,151.479996,101.510002,197.720001,1906.449951
2019-11-29,85.43,25.940001000000002,7.92,82.879997,20.23,92.800003,19.27,69.010002,28.74,57.310001,1304.089966,201.639999,1646.0,20.85,151.380005,74.5,63.48,314.660004,54.830002,24.290001,48.389998999999996,0.21,299.809998,119.089996,2.7,15.32,111.389999,137.490005,75.269997,169.770004,0.98,105.0,151.580002,101.660004,194.220001,1904.030029
2019-12-02,84.57,24.870001000000002,7.84,82.779999,20.049999,91.629997,19.200001,68.110001,28.08,56.75,1288.859985,199.699997,1594.800049,19.58,149.550003,68.93,63.279999,309.98999,54.23,24.41,50.040001000000004,0.22,297.390015,119.279999,2.58,15.4,110.910004,137.360001,75.550003,168.270004,0.95,104.75,150.619995,100.75,193.330002,1884.439941
2019-12-03,84.82,25.219998999999998,7.57,82.160004,20.049999,88.870003,18.799999,66.610001,27.290001,55.619999,1294.73999,198.820007,1584.0,20.25,149.309998,70.019997,64.589996,306.160004,54.59,24.290001,50.93,0.21,295.670013,118.66999799999999,2.55,14.87,110.989998,137.16000400000001,74.709999,165.169998,0.96,103.949997,148.580002,99.389999,191.53999299999998,1879.97998
2019-12-04,85.400002,24.6,7.34,81.730003,20.290001,88.16999799999999,19.32,66.91999799999999,27.379998999999998,56.060001,1318.939941,198.71000700000002,1606.400024,19.780001000000002,149.850006,69.959999,65.290001,304.320007,53.880001,24.17,50.73,0.19,296.519989,118.690002,2.59,14.84,111.940002,139.380005,75.0,167.139999,0.94,104.18,148.279999,105.559998,194.669998,1921.530029
2019-12-05,84.449997,25.120001000000002,7.1,81.400002,20.25,87.860001,19.139999,67.290001,27.24,55.880001,1326.959961,199.360001,1573.0,20.1,149.929993,69.66999799999999,65.199997,302.859985,54.990002000000004,24.16,49.990002000000004,0.18,293.100006,118.660004,2.61,15.11,112.199997,139.559998,74.480003,164.369995,0.94,104.910004,147.440002,105.68,190.759995,1904.219971
2019-12-06,86.32,25.639999,7.23,82.389999,20.35,88.58000200000001,19.02,68.32,27.73,56.139998999999996,1339.390015,201.050003,1580.199951,20.65,151.75,62.740002000000004,65.290001,307.350006,55.209998999999996,24.139999,50.549999,0.18,294.950012,119.779999,2.67,15.15,113.089996,140.380005,75.360001,171.470001,0.94,105.470001,147.66000400000001,107.58000200000001,193.75,1930.27002
2019-12-09,86.279999,25.09,7.23,80.809998,20.5,87.610001,18.93,67.989998,27.49,55.799999,1342.98999,201.33999599999999,1588.0,20.549999,151.360001,65.940002,65.93,302.5,54.389998999999996,24.0,51.720001,0.19,295.160004,119.360001,2.81,15.48,111.129997,140.5,74.989998,169.830002,0.88,104.75,146.21000700000002,108.800003,188.949997,1905.790039
2019-12-10,86.040001,25.139999,7.16,82.110001,20.35,86.510002,18.9,67.239998,27.0,55.529999,1342.890015,200.869995,1574.800049,20.549999,151.130005,64.57,66.309998,293.119995,55.939999,24.190001000000002,52.950001,0.2,295.77999900000003,119.139999,3.08,15.74,111.040001,139.990005,73.18,167.66000400000001,0.91,104.699997,146.100006,111.849998,189.070007,1904.630005
2019-12-11,86.589996,25.120001000000002,7.14,83.82,20.34,87.019997,18.73,66.739998,26.860001,55.080002,1344.25,202.259995,1569.0,19.219998999999998,151.699997,63.52,66.540001,298.929993,56.48,24.290001,52.529999,0.2,295.299988,119.0,3.0,15.7,111.720001,140.979996,73.349998,168.740005,0.9,105.699997,147.58999599999999,111.959999,192.389999,1925.880005
2019-12-12,88.209999,24.790001,7.13,84.059998,20.309998999999998,88.470001,18.92,67.690002,27.719998999999998,56.689999,1348.48999,196.75,1579.199951,18.32,153.240005,62.490002000000004,67.32,298.440002,58.560001,24.48,51.880001,0.2,297.339996,119.760002,2.93,15.71,112.379997,141.33999599999999,74.260002,168.559998,0.91,106.519997,147.759995,113.5,195.309998,1948.47998
2019-12-13,88.66999799999999,25.610001,6.95,81.41999799999999,20.309998999999998,87.58000200000001,18.58,67.410004,27.48,56.73,1346.869995,194.110001,1577.199951,18.82,154.529999,63.540001000000004,67.57,298.5,58.650002,24.870001000000002,50.950001,0.19,291.869995,120.290001,2.88,15.18,113.519997,141.380005,73.589996,168.78999299999998,0.9,107.199997,146.380005,112.760002,193.91000400000001,1973.5999760000002
2019-12-16,88.779999,25.889999,6.8,81.480003,20.16,88.629997,18.700001,69.0,27.92,58.419998,1360.699951,197.919998,1581.800049,19.280001000000002,155.529999,66.349998,68.25,304.209991,58.610001000000004,24.959999,52.310001,0.18,293.5,120.540001,2.85,15.63,114.540001,141.78999299999998,74.400002,170.75,0.92,108.480003,148.46000700000002,114.230003,198.240005,1995.02002
2019-12-17,88.129997,25.040001,6.77,81.730003,21.09,89.360001,18.969998999999998,70.059998,28.280001000000002,58.689999,1354.890015,198.389999,1598.400024,18.879998999999998,154.690002,66.16999799999999,67.739998,315.480011,58.259997999999996,24.35,51.950001,0.19,295.549988,121.279999,2.8,16.030001000000002,114.349998,143.559998,73.349998,169.929993,0.88,108.800003,147.729996,111.510002,200.369995,2001.869995
2019-12-18,87.989998,25.540001,6.9,81.800003,21.219998999999998,88.839996,18.790001,69.029999,28.0,58.580002,1351.910034,202.5,1609.599976,19.200001,154.369995,67.599998,67.699997,320.799988,59.02,24.809998999999998,50.93,0.2,291.869995,119.860001,2.87,16.530001000000002,113.800003,143.190002,73.279999,169.029999,0.88,109.25,146.259995,110.5,196.830002,1991.5100100000002
2019-12-19,88.519997,26.620001000000002,6.88,81.620003,21.42,89.220001,18.889999,69.199997,28.549999,59.139998999999996,1356.439941,206.059998,1599.800049,19.26,155.71000700000002,68.18,67.879997,332.22000099999997,59.130001,25.18,49.650002,0.19,293.709991,120.08000200000001,2.96,16.08,113.489998,145.350006,74.099998,172.149994,0.87,110.339996,146.149994,109.099998,199.600006,2003.119995
2019-12-20,88.459999,27.08,6.84,81.389999,22.0,89.279999,19.209999,69.339996,29.040001,58.970001,1351.219971,206.300003,1623.400024,19.1,157.41000400000001,66.93,67.900002,336.899994,59.220001,25.360001,49.48,0.19,294.829987,120.290001,2.98,16.200001,113.739998,146.059998,74.58000200000001,175.369995,0.84,111.41999799999999,146.880005,110.08000200000001,200.699997,2023.2600100000002
2019-12-23,88.230003,28.32,6.86,81.800003,21.98,89.440002,19.200001,69.290001,29.299999,59.439999,1350.630005,206.179993,1616.0,19.299999,157.41000400000001,66.150002,68.08000200000001,333.100006,58.889998999999996,25.32,49.639998999999996,0.19,293.309998,119.029999,3.0,16.200001,113.889999,146.440002,74.379997,178.470001,0.85,111.279999,144.679993,108.0,202.75,2032.0999760000002
2019-12-27,88.129997,27.07,6.87,81.540001,22.0,88.370003,18.889999,68.290001,28.440001000000002,59.080002,1354.640015,208.100006,1687.4000239999998,19.719998999999998,158.96000700000002,66.639999,67.779999,329.089996,59.189999,25.780001000000002,50.0,0.18,294.109985,119.589996,3.02,16.51,113.349998,145.75,74.400002,177.259995,0.86,112.389999,145.75,108.32,212.69999700000002,2072.540039
2019-12-30,87.440002,26.309998999999998,7.0,84.18,22.75,87.959999,18.709999,67.68,28.299999,58.66,1339.709961,204.41000400000001,1662.599976,19.68,157.58999599999999,66.790001,67.720001,323.309998,58.880001,25.98,49.700001,0.17,295.140015,119.400002,2.97,16.77,112.93,145.300003,73.699997,175.830002,0.88,111.370003,143.770004,107.769997,207.820007,2053.8701170000004
2020-01-02,89.349998,27.110001,7.03,85.290001,22.030001000000002,89.739998,18.889999,68.16999799999999,29.09,59.040001000000004,1368.680054,209.77999900000003,1684.0,20.200001,160.619995,68.720001,69.059998,329.809998,58.650002,26.540001,50.689999,0.19,291.48999,118.940002,3.03,16.52,114.559998,145.970001,74.160004,180.0,0.92,111.449997,148.199997,110.980003,212.88999900000002,2074.580078
2020-01-03,88.83000200000001,26.49,7.09,85.07,21.700001,87.900002,18.57,66.91999799999999,27.65,58.060001,1361.52002,208.669998,1675.400024,20.25,158.619995,67.279999,68.08000200000001,325.899994,58.669998,26.02,50.25,0.2,291.730011,117.889999,3.03,16.530001000000002,113.879997,144.279999,73.57,178.449997,0.91,109.989998,146.5,109.129997,208.389999,2065.47998
2020-01-06,88.129997,27.83,6.95,85.339996,21.700001,87.699997,18.48,66.599998,27.32,57.66,1397.810059,212.600006,1689.0,21.049999,159.029999,70.32,69.110001,335.829987,59.740002000000004,25.98,49.549999,0.19,291.809998,117.650002,3.23,17.1,114.889999,144.100006,73.860001,178.619995,0.94,109.41999799999999,145.649994,108.739998,211.86999500000002,2047.4000239999998
2020-01-07,87.860001,27.860001,6.72,84.66999799999999,22.299999,86.769997,18.41,66.18,27.219998999999998,57.610001000000004,1395.109985,213.059998,1704.4000239999998,21.35,157.580002,71.900002,70.199997,330.75,60.34,26.09,49.16,0.19,291.350006,116.559998,3.14,17.67,114.489998,144.979996,73.58000200000001,177.899994,0.98,108.290001,145.699997,110.019997,213.210007,2068.050049
2020-01-08,88.879997,28.780001000000002,6.68,86.440002,22.459999,87.300003,18.5,66.5,27.84,58.849998,1405.040039,215.22000099999997,1711.0,21.549999,160.08999599999999,72.550003,70.459999,339.26001,59.880001,25.940001000000002,49.610001000000004,0.19,294.690002,116.160004,3.18,18.1,116.5,144.96000700000002,72.660004,180.630005,0.98,109.209999,145.399994,108.620003,214.42999300000002,2062.899902
2020-01-09,90.529999,25.620001000000002,6.75,84.779999,22.18,87.949997,18.709999,66.370003,27.950001,58.959998999999996,1419.790039,218.30000299999998,1725.5999760000002,21.15,162.08999599999999,72.620003,71.029999,335.660004,59.34,25.93,49.540001000000004,0.19,299.420013,117.360001,3.16,17.709999,118.389999,145.389999,72.860001,181.199997,0.96,109.089996,144.830002,109.760002,218.05000299999998,2084.290039
2020-01-10,90.160004,24.9,6.79,85.410004,21.809998999999998,87.309998,18.709999,65.889999,27.32,59.240002000000004,1428.959961,218.059998,1707.4000239999998,20.85,161.33999599999999,73.089996,70.860001,329.049988,58.950001,25.809998999999998,49.459998999999996,0.19,297.23999,116.379997,3.12,17.809998999999998,118.639999,145.059998,72.110001,180.470001,0.97,108.599998,144.619995,110.690002,216.05000299999998,2086.899902
2020-01-13,91.08000200000001,24.27,5.89,85.150002,21.809998999999998,86.889999,18.6,65.870003,27.389999,59.490002000000004,1440.030029,221.91000400000001,1695.4000239999998,20.85,163.279999,74.029999,71.639999,338.920013,59.240002000000004,25.25,49.599998,0.19,299.869995,115.879997,3.1,17.879998999999998,118.010002,145.699997,72.760002,180.919998,0.95,109.290001,143.880005,110.589996,218.270004,2080.5
2020-01-14,90.989998,23.940001000000002,5.8,85.290001,21.75,87.849998,18.52,66.18,27.530001000000002,61.450001,1430.589966,219.059998,1680.0,20.1,162.130005,73.160004,72.470001,338.690002,60.049999,25.16,49.150002,0.2,299.75,116.18,4.06,17.860001,117.040001,146.520004,73.83000200000001,181.369995,0.92,109.089996,145.199997,110.410004,218.399994,2071.47998
2020-01-15,91.540001,23.459999,5.47,86.230003,22.200001,88.290001,18.700001,66.589996,27.58,61.619999,1439.199951,221.149994,1677.0,20.75,163.179993,76.940002,71.599998,339.070007,59.639998999999996,25.459999,49.009997999999996,0.19,300.820007,115.279999,3.93,17.42,117.33000200000001,147.009995,75.269997,179.779999,0.91,109.629997,144.320007,110.739998,212.88999900000002,2065.159912
2020-01-16,92.58000200000001,23.809998999999998,5.54,88.529999,22.82,89.540001,19.0,66.540001,28.23,61.880001,1450.160034,221.770004,1675.0,20.65,166.169998,76.110001,72.620003,338.619995,60.43,25.65,48.84,0.2,303.02999900000003,115.900002,3.97,17.530001000000002,118.860001,148.199997,76.050003,181.009995,0.92,111.599998,145.119995,111.739998,213.020004,2054.75
2020-01-17,93.620003,24.24,5.39,87.690002,22.24,89.699997,19.209999,66.620003,28.4,62.029999,1479.52002,222.13999900000002,1688.4000239999998,20.75,167.100006,75.559998,72.480003,339.670013,61.240002000000004,25.16,48.669998,0.23,304.679993,114.959999,3.9,17.57,119.029999,149.169998,76.019997,181.350006,0.91,113.91999799999999,144.330002,111.82,212.850006,2054.689941
2020-01-21,92.529999,23.42,5.11,86.57,22.76,85.790001,19.049999,64.989998,27.200001,60.34,1482.25,221.440002,1683.4000239999998,20.35,166.5,76.730003,72.129997,338.109985,61.419998,24.85,48.959998999999996,0.25,313.26001,115.589996,3.89,16.99,120.32,149.270004,74.589996,179.389999,0.9,110.620003,143.559998,110.16999799999999,212.33999599999999,1990.569946
2020-01-22,92.529999,22.76,4.99,85.959999,22.76,83.339996,19.790001,65.589996,27.32,59.639998999999996,1483.869995,221.32000699999998,1716.0,20.200001,165.699997,75.540001,72.379997,326.0,60.32,24.91,49.049999,0.25,311.890015,116.099998,3.86,17.15,121.089996,148.25,74.010002,178.029999,0.91,110.849998,144.009995,110.029999,213.02999900000003,2000.780029
2020-01-23,93.75,22.959999,4.98,86.449997,22.76,84.879997,21.07,67.18,28.799999,60.27,1484.689941,219.75999500000003,1701.0,19.620001000000002,166.720001,74.470001,72.589996,349.600006,60.130001,24.780001000000002,49.759997999999996,0.26,312.880005,115.809998,3.84,17.07,120.970001,148.529999,73.529999,177.740005,0.92,110.959999,142.199997,113.730003,211.02999900000003,1993.199951
2020-01-24,92.029999,23.1,4.79,86.160004,22.26,81.900002,20.65,66.720001,27.639999,58.810001,1466.170044,217.940002,1714.0,19.120001000000002,165.03999299999998,73.0,71.879997,353.160004,59.400002,24.59,49.73,0.25,310.51001,114.370003,3.85,16.780001000000002,119.260002,148.320007,71.43,178.149994,0.92,108.489998,140.080002,112.139999,206.070007,1962.959961
2020-01-27,88.730003,23.48,4.76,86.050003,21.85,77.629997,20.040001,65.339996,26.110001,56.830002,1431.72998,214.86999500000002,1664.0,18.219998999999998,162.279999,70.440002,71.309998,342.880005,58.32,24.52,48.18,0.36,309.450012,115.860001,3.9,16.379998999999998,119.230003,148.75,70.970001,175.630005,0.9,104.940002,135.899994,109.08000200000001,190.21000700000002,1908.890015
2020-01-28,88.599998,24.040001,5.11,87.730003,21.9,77.050003,20.27,65.540001,26.9,57.48,1450.5,217.789993,1670.0,19.18,165.46000700000002,71.510002,72.019997,348.519989,60.029999,24.379998999999998,48.950001,0.37,310.850006,116.599998,3.91,16.870001000000002,119.18,149.5,71.82,165.580002,0.94,107.860001,138.369995,109.110001,194.570007,1917.449951
2020-01-29,86.720001,23.02,4.8,89.139999,22.459999,75.209999,19.940001000000002,66.889999,26.799999,56.650002,1456.699951,223.229996,1689.0,18.92,168.03999299999998,73.58000200000001,71.800003,343.160004,60.400002,24.48,48.799999,0.33,309.579987,115.889999,3.95,16.870001000000002,118.370003,150.53999299999998,70.550003,162.0,0.89,110.010002,136.059998,109.550003,188.139999,1893.949951
2020-01-30,85.839996,22.75,4.71,87.480003,22.459999,77.75,20.200001,66.010002,27.719998999999998,57.099998,1454.25,209.529999,1684.0,18.379998999999998,172.779999,74.540001,71.139999,347.73999,60.889998999999996,24.42,47.349998,0.31,309.47000099999997,116.58000200000001,4.03,16.83,118.150002,150.360001,69.709999,162.509995,0.87,109.07,137.809998,109.099998,183.419998,1872.089966
2020-01-31,84.83000200000001,22.52,4.54,85.25,22.459999,74.800003,19.83,64.589996,26.84,55.740002000000004,1432.780029,201.91000400000001,1837.0,18.32,170.229996,76.300003,70.18,345.089996,58.48,23.860001,45.900002,0.31,305.519989,114.489998,3.73,15.95,115.440002,148.869995,67.82,158.66000400000001,0.83,107.800003,138.309998,108.449997,176.169998,1830.550049
2020-02-03,86.010002,22.959999,4.67,85.269997,21.9,74.910004,20.02,64.650002,27.16,56.040001000000004,1482.599976,204.190002,1810.4000239999998,18.52,174.380005,87.660004,70.480003,358.0,58.209998999999996,24.0,45.82,0.29,302.0,114.269997,3.77,16.459999,117.989998,150.169998,66.93,156.58999599999999,0.83,107.849998,141.320007,107.800003,172.669998,1839.030029
2020-02-04,88.379997,22.940001000000002,4.71,85.760002,22.0,78.889999,20.42,65.769997,28.43,57.93,1445.410034,209.830002,1839.5999760000002,20.85,180.119995,85.790001,73.0,369.01001,59.209998999999996,24.0,46.419998,0.3,304.899994,115.269997,3.77,16.469998999999998,119.989998,151.600006,67.879997,157.240005,0.86,110.940002,144.729996,110.660004,179.630005,1864.5100100000002
2020-02-05,87.559998,23.469998999999998,5.0,89.129997,21.75,81.849998,20.690001000000002,66.33000200000001,29.1,58.889998999999996,1446.050049,210.11000099999998,1864.0,20.950001,179.899994,86.989998,70.510002,369.670013,58.849998,24.110001,46.400002,0.29,308.950012,116.809998,3.77,17.450001,120.620003,153.990005,70.540001,162.330002,0.87,113.260002,141.369995,111.099998,182.949997,1939.290039
2020-02-06,86.150002,22.709999,4.83,89.690002,22.23,80.5,20.08,64.019997,28.299999,58.18,1475.969971,210.850006,1858.0,20.950001,183.630005,87.260002,71.550003,366.950012,60.259997999999996,23.299999,46.330002,0.29,310.609985,116.309998,3.56,16.950001,121.300003,153.529999,70.839996,162.889999,0.87,112.699997,142.699997,111.75,182.479996,1960.9000239999998
2020-02-07,86.41999799999999,22.879998999999998,4.8,86.300003,22.0,79.480003,19.940001000000002,63.959998999999996,28.379998999999998,57.919998,1479.109985,212.330002,1910.4000239999998,21.049999,183.889999,88.639999,70.089996,366.769989,61.529999,23.200001,46.029999,0.28,313.630005,116.449997,3.42,16.4,118.949997,151.889999,71.559998,160.080002,0.87,110.839996,141.020004,110.089996,177.190002,1909.589966
2020-02-10,87.529999,22.77,4.73,86.959999,22.309998999999998,79.470001,20.02,64.43,28.790001,57.709998999999996,1508.660034,213.059998,1942.199951,23.450001,188.699997,89.66999799999999,70.16999799999999,371.070007,61.630001,23.190001000000002,46.400002,0.29,313.790009,115.25,3.4,16.23,119.379997,151.860001,73.25,160.149994,0.85,111.370003,142.58999599999999,108.709999,180.869995,1886.640015
2020-02-11,87.510002,22.77,4.96,88.25,23.26,80.529999,20.51,64.550003,29.84,58.66,1510.060059,207.190002,1993.0,23.450001,184.440002,88.68,70.32,373.690002,61.189999,23.76,46.779999,0.28,310.679993,115.400002,3.38,16.360001,118.949997,151.990005,73.849998,162.449997,0.86,112.940002,141.009995,109.199997,183.130005,1909.300049
2020-02-12,88.57,22.620001000000002,5.1,89.849998,22.41,82.199997,21.129998999999998,65.540001,30.469998999999998,59.470001,1518.630005,210.75999500000003,1990.0,23.549999,184.71000700000002,88.279999,70.769997,380.01001,62.799999,23.99,46.400002,0.28,315.119995,115.849998,3.35,17.0,116.489998,151.08999599999999,73.75,163.800003,0.85,113.699997,141.850006,110.970001,184.75,1960.359985
2020-02-13,89.93,22.700001,5.11,90.989998,22.75,80.989998,21.559998999999998,66.5,30.09,59.130001,1513.390015,213.13999900000002,1991.0,24.25,183.71000700000002,89.860001,69.599998,381.399994,62.59,23.66,45.700001,0.27,318.200012,117.440002,3.37,16.74,116.83000200000001,150.08999599999999,72.0,159.759995,0.87,112.959999,140.899994,110.589996,181.440002,1959.939941
2020-02-14,89.279999,22.120001000000002,5.1,92.050003,22.75,79.550003,21.27,66.110001,29.200001,58.900002,1518.72998,214.17999300000002,1964.4000239999998,25.75,185.350006,90.949997,68.83000200000001,380.399994,63.52,23.35,45.220001,0.28,318.309998,117.889999,3.54,16.67,117.33000200000001,150.130005,71.370003,161.009995,0.88,113.230003,139.53999299999998,122.800003,177.690002,1990.959961
2020-02-18,89.230003,22.59,4.98,94.019997,22.799999,80.239998,21.299999,65.489998,28.629998999999998,58.720001,1519.439941,217.80000299999998,1995.0,25.950001,187.229996,96.389999,66.639999,387.77999900000003,63.740002000000004,23.969998999999998,44.990002000000004,0.28,322.049988,119.629997,3.54,16.07,112.660004,149.139999,72.0,158.880005,0.9,111.93,139.139999,121.099998,177.740005,1976.280029
2020-02-19,90.139999,23.299999,5.2,95.709999,22.84,79.41999799999999,20.809998999999998,65.16999799999999,28.33,58.509997999999996,1524.869995,217.49000499999997,2023.0,25.85,187.279999,103.93,67.07,386.190002,64.370003,25.24,45.450001,0.26,323.019989,117.68,3.56,16.290001,113.769997,148.940002,71.779999,159.33999599999999,0.88,112.66999799999999,141.300003,121.879997,178.990005,1968.4899899999998
2020-02-20,88.599998,24.73,5.37,97.839996,22.85,79.910004,20.83,65.360001,28.51,58.380001,1516.98999,214.580002,2000.5,25.85,184.419998,105.290001,66.739998,386.0,64.0,25.209999,44.830002,0.27,324.079987,117.690002,3.63,16.639999,113.860001,148.369995,71.940002,158.559998,0.91,112.0,140.369995,121.660004,178.770004,1970.910034
2020-02-21,87.360001,24.309998999999998,5.08,97.209999,22.85,78.010002,20.610001,65.43,27.82,57.869999,1483.459961,210.17999300000002,1950.0,26.15,178.58999599999999,101.760002,65.940002,380.070007,63.380001,25.4,44.349998,0.27,321.950012,118.58000200000001,3.57,16.23,113.279999,149.929993,71.510002,156.929993,0.87,109.57,138.970001,120.120003,174.369995,1928.719971
2020-02-24,84.519997,22.780001000000002,5.13,96.360001,22.809998999999998,75.470001,19.379998999999998,63.009997999999996,25.450001,54.23,1419.859985,200.720001,1843.4000239999998,25.65,170.889999,105.010002,63.93,368.700012,62.310001,24.91,43.169998,0.24,313.619995,116.32,3.27,15.45,111.349998,145.91000400000001,67.91999799999999,152.550003,0.84,104.019997,133.009995,112.309998,160.320007,1792.540039
2020-02-25,82.190002,22.59,4.93,88.550003,22.65,70.57,18.25,58.810001,23.120001000000002,50.889998999999996,1386.319946,196.770004,1835.4000239999998,25.15,168.070007,107.08000200000001,63.580002,360.089996,59.509997999999996,24.15,43.389998999999996,0.25,304.869995,114.389999,2.94,14.6,108.529999,144.649994,64.33000200000001,146.850006,0.83,98.879997,128.190002,108.910004,154.720001,1726.5799559999998
2020-02-26,80.66999799999999,21.68,4.2,87.16999799999999,22.540001,66.529999,17.120001000000002,57.369999,22.309998999999998,49.59,1390.469971,197.199997,1812.199951,24.950001,170.169998,106.879997,63.939999,379.23999,59.369999,24.16,43.849998,0.25,305.690002,113.779999,2.33,13.59,106.150002,143.679993,62.650002,148.96000700000002,0.83,97.900002,123.360001,101.190002,153.96000700000002,1678.199951
2020-02-27,78.290001,20.59,3.81,82.099998,21.98,64.940002,16.27,52.959998999999996,20.6,48.189999,1314.949951,189.75,1754.5999760000002,24.1,158.179993,113.550003,60.889998999999996,371.709991,58.330002,22.32,42.540001000000004,0.24,293.130005,110.400002,2.27,12.9,100.980003,139.119995,59.330002,150.16000400000001,0.82,95.83000200000001,118.040001,98.709999,149.169998,1659.849976
2020-02-28,78.43,18.610001,4.13,81.849998,20.6,61.59,15.78,50.459998999999996,19.049999,46.130001,1339.25,192.470001,1670.599976,23.950001,162.009995,105.0,62.200001,369.02999900000003,58.130001,22.950001,41.98,0.2,281.140015,107.68,2.23,13.23,100.66999799999999,134.479996,59.18,149.240005,0.8,97.199997,117.650002,98.620003,158.78999299999998,1695.660034
2020-03-02,82.379997,18.700001,3.76,84.82,21.0,61.259997999999996,15.57,50.029999,18.860001,47.16,1386.319946,196.440002,1696.199951,24.6,172.78999299999998,113.110001,64.160004,381.049988,60.59,23.67,43.23,0.21,309.140015,115.879997,2.3,12.99,102.620003,140.020004,64.029999,153.020004,0.8,96.459999,119.980003,96.730003,159.270004,1728.97998
2020-03-03,78.599998,17.57,3.6,83.720001,20.129998999999998,58.290001000000004,15.01,47.369999,17.85,46.18,1337.719971,185.889999,1754.199951,24.6,164.509995,117.470001,63.18,368.769989,58.75,23.540001,42.540001000000004,0.21,302.730011,112.910004,2.2,12.65,100.400002,135.58999599999999,62.540001000000004,145.240005,0.81,93.33000200000001,116.449997,95.190002,154.350006,1683.02002
2020-03-04,79.66999799999999,17.67,3.61,90.18,19.65,59.470001,15.54,49.689999,18.530001000000002,48.5,1381.599976,191.759995,1755.4000239999998,24.549999,170.550003,116.800003,64.790001,383.790009,62.549999,23.860001,43.790001000000004,0.2,320.73999,116.769997,2.27,12.66,103.589996,143.479996,66.040001,153.979996,0.8,98.389999,119.18,97.139999,161.119995,1732.130005
2020-03-05,76.190002,15.95,3.25,78.800003,19.549999,51.59,13.86,43.459998999999996,16.040001,45.009997999999996,1314.76001,185.169998,1729.4000239999998,26.549999,166.270004,125.0,63.439999,372.77999900000003,61.52,23.469998999999998,43.759997999999996,0.2,315.76001,115.91999799999999,2.25,11.58,100.18,142.009995,64.360001,151.41000400000001,0.77,91.5,113.980003,91.510002,160.130005,1647.439941
2020-03-06,75.339996,15.39,2.92,74.150002,18.6,52.099998,13.88,45.209998999999996,15.97,45.889998999999996,1295.73999,181.08999599999999,1664.199951,23.549999,161.570007,114.32,63.119999,368.97000099999997,59.970001,23.059998999999998,43.880001,0.2,311.339996,117.230003,2.24,11.49,99.059998,142.029999,64.150002,153.649994,0.75,90.449997,115.269997,91.849998,155.850006,1612.089966
2020-03-09,70.83000200000001,14.02,2.37,61.5,17.52,46.779999,13.4,43.189999,14.75,43.52,1215.790039,169.5,1588.800049,21.450001,150.619995,113.75,58.529999,346.48999,57.349998,21.91,42.400002,0.19,301.980011,117.160004,1.92,10.43,92.400002,136.440002,61.299999,144.059998,0.62,86.18,104.349998,86.300003,147.08999599999999,1527.800049
2020-03-10,74.870003,15.14,2.52,60.130001,18.0,52.560001,14.58,46.779999,17.0,45.470001,1275.170044,178.190002,1646.199951,21.35,160.919998,108.489998,60.330002,364.130005,60.709998999999996,21.93,43.490002000000004,0.18,309.399994,119.790001,1.92,10.35,96.360001,141.639999,62.599998,153.300003,0.68,90.32,111.459999,85.93,158.770004,1559.0
2020-03-11,68.300003,13.81,2.27,51.34,17.559998999999998,49.34,13.57,45.700001,16.26,42.669998,1210.900024,170.240005,1615.199951,21.299999,153.630005,110.300003,57.790001000000004,349.920013,59.330002,20.76,41.529999,0.17,297.429993,114.43,1.71,9.49,92.440002,131.800003,61.310001,147.240005,0.61,81.089996,105.510002,76.66999799999999,147.899994,1442.5
2020-03-12,62.099998,12.52,1.93,35.0,16.26,37.080002,11.49,35.080002,13.45,33.709998999999996,1111.550049,154.470001,1525.0,20.549999,139.059998,109.470001,52.57,315.25,54.560001,16.889999,38.919998,0.16,279.850006,104.050003,1.38,7.38,84.400002,125.410004,54.599998,133.580002,0.48,76.720001,91.809998,65.040001,140.470001,1280.400024
2020-03-13,69.91999799999999,12.35,2.05,42.68,14.21,41.639998999999996,11.18,37.950001,14.31,38.360001000000004,1214.27002,170.279999,1541.599976,14.62,158.830002,107.470001,56.32,336.299988,59.040001000000004,16.68,39.700001,0.16,302.269989,114.099998,1.5,8.03,88.82,134.28999299999998,59.639998999999996,141.679993,0.47,78.629997,102.519997,69.629997,145.520004,1421.329956
2020-03-16,58.59,10.24,1.54,33.27,10.98,35.470001,10.61,32.529999,15.92,35.810001,1073.0,146.009995,1537.0,16.940001000000002,135.419998,107.860001,51.68,298.839996,52.759997999999996,13.35,37.959998999999996,0.16,283.179993,106.760002,1.27,6.71,77.43,127.129997,52.299999,130.91000400000001,0.53,69.540001,95.010002,54.700001,119.309998,1289.670044
2020-03-17,58.98,8.52,1.42,30.469998999999998,8.75,30.67,9.52,32.529999,15.58,31.74,1118.060059,149.419998,1629.599976,18.299999,146.570007,111.099998,55.200001,319.75,56.16,12.78,41.02,0.16,306.98999,119.260002,1.25,6.7,80.209999,136.58999599999999,58.0,134.440002,0.43,64.83000200000001,93.529999,54.119999,121.93,1368.26001
2020-03-18,56.330002,5.28,1.07,17.0,8.54,21.379998999999998,7.66,25.129998999999998,11.65,23.49,1091.189941,146.96000700000002,1650.0,15.74,140.399994,118.709999,54.790001000000004,315.47000099999997,55.59,12.18,40.709998999999996,0.15,307.5,122.58000200000001,0.97,6.2,74.540001,134.96000700000002,57.18,137.020004,0.42,56.68,88.800003,45.650002,107.370003,1233.75
2020-03-19,61.41,6.45,1.4,17.76,8.5,21.280001000000002,7.6,24.18,10.29,21.51,1111.670044,153.130005,1814.800049,15.74,142.71000700000002,123.769997,55.400002,332.02999900000003,54.130001,13.99,43.849998,0.14,305.22000099999997,119.449997,1.01,6.69,79.220001,127.050003,55.380001,137.509995,0.43,58.029999,94.93,48.43,119.720001,1191.47998
2020-03-20,58.029999,8.06,1.24,17.41,9.34,24.5,7.15,23.559998999999998,10.38,21.35,1068.209961,149.729996,1760.199951,20.6,137.350006,130.550003,53.060001,332.829987,52.049999,15.84,43.509997999999996,0.14,290.420013,113.970001,0.89,6.02,77.459999,119.889999,54.700001,124.889999,0.42,61.599998,85.980003,48.799999,113.93,1177.430054
2020-03-23,56.549999,9.6,1.4,18.879998999999998,8.23,26.25,6.86,24.030001000000002,10.25,22.219998999999998,1054.130005,148.100006,1764.5999760000002,21.1,135.979996,159.559998,52.900002,360.269989,56.470001,15.09,42.98,0.14,285.52999900000003,114.279999,1.01,4.81,72.91999799999999,111.139999,53.09,117.870003,0.45,63.330002,85.760002,50.849998,111.300003,1152.23999
2020-03-24,64.879997,10.96,1.49,25.129998999999998,11.49,33.0,9.4,28.91,13.92,26.889999,1130.01001,160.979996,1774.199951,23.950001,148.33999599999999,135.179993,57.0,357.320007,54.43,17.370001000000002,44.639998999999996,0.16,284.940002,115.029999,1.22,5.66,80.349998,119.18,54.349998,132.720001,0.43,69.389999,98.120003,59.48,128.509995,1259.469971
2020-03-25,65.809998,13.19,1.67,29.75,12.5,36.599998,11.34,29.84,15.39,31.1,1101.619995,156.21000700000002,1762.5999760000002,23.950001,146.919998,138.110001,57.68,342.390015,52.869999,18.77,43.810001,0.16,280.859985,109.400002,1.17,6.61,86.82,119.400002,53.639998999999996,131.53999299999998,0.4,72.25,100.730003,65.889999,133.979996,1365.849976
2020-03-26,69.900002,14.49,2.1,36.27,14.52,35.549999,10.93,32.490002000000004,15.66,31.700001,1162.920044,163.33999599999999,1741.5999760000002,26.700001,156.110001,141.149994,60.5,362.98999,57.720001,19.190001000000002,45.860001000000004,0.14,292.299988,109.82,1.25,5.94,91.940002,126.57,58.310001,136.179993,0.48,73.199997,105.360001,64.410004,139.809998,1406.0
2020-03-27,66.339996,11.47,2.05,32.610001000000004,13.5,32.84,9.75,29.870001000000002,14.04,29.549999,1110.26001,156.78999299999998,1728.0,26.15,149.699997,151.699997,59.32,357.119995,56.959998999999996,17.68,45.689999,0.14,284.329987,109.58000200000001,1.21,5.53,89.889999,123.160004,58.599998,133.240005,0.43,69.150002,96.400002,60.029999,134.059998,1255.150024
2020-03-30,67.860001,10.91,1.96,28.280001000000002,13.5,30.16,8.79,28.33,12.25,28.67,1146.310059,165.949997,1780.800049,26.6,160.229996,150.880005,60.169998,370.959991,58.470001,18.17,48.139998999999996,0.14,291.119995,115.190002,1.05,5.37,92.050003,133.009995,59.68,137.740005,0.4,68.68,99.800003,56.389998999999996,137.350006,1308.22998
2020-03-31,65.739998,11.96,1.82,28.68,10.57,31.549999,8.95,28.469998999999998,12.19,28.530001000000002,1161.949951,166.800003,1799.800049,25.049999,157.71000700000002,146.119995,59.18,375.5,59.48,20.42,48.279999,0.14,285.130005,113.620003,1.07,4.91,90.18,131.130005,59.330002,136.509995,0.4,68.239998,96.599998,56.27,131.779999,1345.319946
2020-04-01,62.619999,10.41,1.62,22.389999,9.25,25.65,8.11,26.35,10.69,23.870001000000002,1102.099976,159.600006,1750.199951,24.4,152.110001,137.0,56.849998,364.079987,57.5,20.07,48.450001,0.13,286.77999900000003,114.139999,0.98,4.43,84.110001,128.809998,58.34,133.139999,0.4,63.040001000000004,94.91999799999999,52.0,123.400002,1271.630005
2020-04-02,65.0,10.02,1.78,21.0,9.01,23.42,7.63,24.66,10.06,22.68,1117.030029,158.190002,1756.199951,24.200001,155.259995,121.93,58.91,370.079987,60.779999,19.0,48.5,0.13,291.480011,118.650002,0.72,4.45,86.150002,133.149994,55.41,137.91000400000001,0.39,57.860001000000004,96.970001,47.860001000000004,122.650002,1260.0
2020-04-03,63.049999,8.61,1.55,20.389999,8.25,22.889999,7.48,24.690001000000002,9.39,22.48,1092.699951,154.179993,1751.199951,22.0,153.830002,128.199997,57.48,361.76001,59.98,18.610001,48.040001000000004,0.13,288.649994,119.480003,0.71,4.81,86.269997,134.169998,55.720001,133.78999299999998,0.4,55.939999,93.879997,48.709998999999996,118.309998,1230.680054
2020-04-06,67.790001,9.73,1.77,28.059998999999998,9.05,24.02,7.73,26.67,9.5,22.32,1183.189941,165.550003,1826.5999760000002,22.9,165.270004,122.940002,60.869999,379.959991,61.599998,19.870001000000002,50.09,0.13,305.119995,126.07,0.83,5.63,94.089996,139.759995,56.220001,140.699997,0.4,63.799999,99.58000200000001,52.830002,130.610001,1356.680054
2020-04-07,68.709999,10.3,1.87,29.0,8.51,24.48,8.76,29.030001000000002,10.22,22.25,1182.560059,168.830002,1852.0,22.9,163.490005,113.75,60.66,372.27999900000003,59.869999,19.639999,50.080002,0.13,303.630005,121.989998,0.84,5.91,94.459999,137.479996,56.869999,144.600006,0.41,65.83000200000001,101.239998,56.509997999999996,134.75,1376.369995
2020-04-08,71.57,11.06,2.06,32.639998999999996,9.47,27.51,9.03,29.139999,11.33,23.23,1207.0,174.279999,1862.4000239999998,22.799999,165.130005,117.809998,62.110001000000004,371.119995,61.07,20.5,50.52,0.13,305.97000099999997,121.839996,0.95,6.01,99.279999,143.259995,59.41,148.990005,0.44,70.089996,101.07,60.549999,139.520004,1372.060059
2020-04-09,73.879997,12.18,2.45,35.98,10.47,31.5,9.5,31.610001,12.51,24.389999,1206.569946,175.190002,1854.5999760000002,22.700001,165.139999,124.510002,61.580002,370.72000099999997,60.459998999999996,21.65,50.490002000000004,0.14,300.01001,121.800003,0.97,6.66,101.029999,141.229996,60.470001,147.779999,0.41,68.449997,104.5,62.419998,138.360001,1420.640015
2020-04-14,73.66999799999999,14.13,2.63,32.540001000000004,11.78,30.9,9.24,31.049999,11.95,24.540001,1265.22998,178.169998,2081.0,22.700001,173.699997,141.889999,61.43,413.549988,63.279999,20.65,53.02,0.14,314.140015,129.0,1.01,6.2,101.199997,146.029999,61.560001,150.139999,0.42,70.010002,106.029999,61.580002,142.91000400000001,1449.420044
2020-04-15,72.550003,11.99,2.76,30.860001,12.07,31.860001,9.19,30.08,12.29,24.35,1257.300049,176.970001,2102.5,24.1,171.880005,151.559998,62.07,426.75,65.709999,20.889999,54.09,0.14,310.269989,128.759995,0.97,5.73,97.32,147.66000400000001,60.560001,145.16000400000001,0.42,69.870003,103.370003,60.560001,140.070007,1424.609985
2020-04-16,73.510002,10.11,2.9,29.190001000000002,12.48,28.209999,8.73,28.26,11.07,22.780001000000002,1257.430054,176.25,2208.0,27.200001,177.03999299999998,150.259995,62.240002000000004,439.170013,68.050003,21.52,55.099998,0.14,321.559998,132.330002,0.89,5.76,95.699997,149.669998,62.560001,144.899994,0.43,70.150002,102.019997,58.220001,142.889999,1407.400024
2020-04-17,77.099998,10.6,3.04,33.900002,12.38,29.08,8.98,29.93,11.57,24.27,1279.0,179.240005,2166.5,25.4,178.600006,150.059998,64.440002,422.959991,66.879997,25.290001,53.630001,0.14,317.920013,132.119995,0.93,5.92,103.33000200000001,152.020004,63.360001000000004,146.46000700000002,0.55,75.620003,106.629997,63.220001,144.300003,1470.869995
2020-04-20,75.32,10.29,2.93,30.540001,12.31,27.790001,8.63,29.23,11.06,23.639999,1261.150024,178.240005,2228.0,26.9,175.059998,148.990005,63.549999,437.48999000000003,66.5,24.940001000000002,52.900002,0.14,312.079987,129.850006,0.98,5.31,101.540001,151.669998,62.34,143.669998,0.54,72.279999,102.260002,59.950001,140.059998,1411.630005
2020-04-21,72.720001,9.83,2.88,31.809998999999998,11.51,27.879998999999998,8.33,28.290001,11.0,23.1,1212.160034,170.800003,2157.5,24.9,167.820007,143.270004,62.049999,433.829987,65.720001,24.549999,55.119999,0.14,301.329987,129.21000700000002,0.93,5.22,97.610001,149.679993,60.25,141.630005,0.51,71.349998,100.540001,57.25,131.53999299999998,1342.219971
2020-04-22,77.449997,10.51,3.03,31.9,11.67,25.879998999999998,7.86,27.530001000000002,10.27,22.469998999999998,1258.410034,182.279999,2195.5,24.4,173.520004,150.25,62.68,421.420013,66.980003,24.6,54.849998,0.13,309.420013,131.58999599999999,0.93,4.82,96.08000200000001,152.990005,60.349998,143.610001,0.53,70.790001,100.989998,61.419998,137.91000400000001,1355.0
2020-04-23,75.150002,11.12,3.01,30.85,11.0,25.719998999999998,8.01,28.200001,10.25,22.48,1271.170044,185.130005,2217.5,25.0,171.419998,169.08999599999999,62.060001,426.700012,65.879997,24.530001000000002,54.18,0.14,305.399994,128.529999,0.94,4.89,95.83000200000001,155.509995,61.279999,144.330002,0.52,71.940002,101.0,63.369999,137.649994,1360.0
2020-04-24,75.58000200000001,10.62,2.96,30.790001,10.65,25.559998999999998,7.95,28.01,10.31,22.41,1276.599976,190.070007,2221.5,23.9,174.550003,158.800003,62.959998999999996,424.98999000000003,66.650002,25.1,54.830002,0.14,310.549988,129.440002,0.94,5.02,99.300003,154.860001,62.310001,147.0,0.55,71.370003,101.190002,66.57,138.520004,1362.77002
